{
  "benchmark": {
    "model": "fluidaudio-ctc-vi",
    "total_samples": 500,
    "successes": 500,
    "failures": 0,
    "success_rate": 1.0,
    "latency": {
      "mean": 0.10771008116792655,
      "median": 0.10603249949053861,
      "p50": 0.10603266599355265,
      "p95": 0.11744674999499694,
      "min": 0.09650983297615312,
      "max": 0.5793512499949429
    },
    "cer": {
      "mean": 0.15683470112085596,
      "median": 0.05555555555555555,
      "min": 0.0,
      "max": 1.0
    },
    "wer": {
      "mean": 0.196805372222738,
      "median": 0.1111111111111111,
      "min": 0.0,
      "max": 1.0
    }
  }
}