{
  "benchmark": {
    "model": "fluidaudio-ctc-vi",
    "total_samples": 100,
    "successes": 100,
    "failures": 0,
    "success_rate": 1.0,
    "latency": {
      "mean": 0.209706702940166,
      "median": 0.10373608300869819,
      "p50": 0.1037486249988433,
      "p95": 0.11772920799558051,
      "min": 0.09645074998843484,
      "max": 10.609478083992144
    },
    "cer": {
      "mean": 0.1465105888174979,
      "median": 0.03028233151183971,
      "min": 0.0,
      "max": 0.9850746268656716
    },
    "wer": {
      "mean": 0.18437640431733165,
      "median": 0.1,
      "min": 0.0,
      "max": 1.0
    }
  }
}