{
  "benchmark": {
    "model": "fluidaudio-qwen3-f32",
    "total_samples": 100,
    "successes": 100,
    "failures": 0,
    "success_rate": 1.0,
    "latency": {
      "mean": 1.0483574142097496,
      "median": 0.9096825004962739,
      "p50": 0.9101873339968733,
      "p95": 1.976079291984206,
      "min": 0.3693611249909736,
      "max": 7.933096624998143
    },
    "cer": {
      "mean": 0.2651359215460384,
      "median": 0.19371482176360227,
      "min": 0.0,
      "max": 1.0
    },
    "wer": {
      "mean": 0.4062724218407094,
      "median": 0.3333333333333333,
      "min": 0.0,
      "max": 1.0
    }
  }
}