{
  "benchmark": {
    "model": "fluidaudio-qwen3-int8",
    "total_samples": 100,
    "successes": 100,
    "failures": 0,
    "success_rate": 1.0,
    "latency": {
      "mean": 1.253729579160572,
      "median": 0.9190666244976455,
      "p50": 0.9250397909781896,
      "p95": 2.043968916987069,
      "min": 0.3681349999969825,
      "max": 28.4859315000067
    },
    "cer": {
      "mean": 0.2603632060894549,
      "median": 0.18439450686641698,
      "min": 0.0,
      "max": 1.0
    },
    "wer": {
      "mean": 0.4013211606835659,
      "median": 0.3333333333333333,
      "min": 0.0,
      "max": 1.0
    }
  }
}